Elephas_maximus, {{70, 0.83}, {30, 0.82}}
Tamandua_tetradactyla, {{100, 0.78}}
Hemiechinus_azurites, {{100, 0.65}}
Mustela_nivalis, {{100, 0.28}}
Giraffa_camelopardalis, {{100, 0.32}}
Alces_americanus, {{100, 0.38}}
Chapsosaurus_, {{100, 0.96}}
Simosaurus, {{100, 0.97}}
Plesiosaurus, {{100, 0.97}}
Pogona_viceps, {{76, 0.04}, {24, 0.05}}
Spinosaurus_.11, {{27, 0.47}, {6, 0.5}, {2, 0.46}, {41, 0.49}, {24, 0.48}}
Spinosaurus_.10, {{16, 0.53}, {25, 0.5}, {32, 0.52}, {27, 0.51}}
Spinosaurus_.9, {{100, 0.96}}
Spinosaurus_.8, {{48, 0.95}, {52, 0.94}}
Spinosaurus_.7, {{3, 0.92}, {93, 0.91}, {4, 0.9}}
Spinosaurus_.6, {{54, 0.85}, {46, 0.84}}
Spinosaurus_.5, {{100, 0.98}}
Spinosaurus_.4, {{32, 0.95}, {68, 0.96}}
Spinosaurus_.3, {{88, 0.94}, {12, 0.93}}
Spinosaurus_.2, {{86, 0.9}, {14, 0.89}}
Spinosaurus_.1, {{8, 0.84}, {63, 0.83}, {29, 0.82}}
Spinosaurus_, {{100, 0.98}}
Baryonyx.3, {{96, 0.79}, {4, 0.8}}
Baryonyx.2, {{100, 0.9}}
Baryonyx.1, {{100, 0.96}}
Suchomimus.3, {{77, 0.34}, {3, 0.33}, {20, 0.35}}
Suchomimus.2, {{32, 0.53}, {68, 0.52}}
Suchomimus.1, {{84, 0.33}, {9, 0.34}, {7, 0.32}}
Suchomimus, {{10, 0.52}, {1, 0.5}, {89, 0.51}}
Baryonyx, {{100, 0.95}}
Dromaius_, {{7, 0.06}, {93, 0.05}}
Rynochetus_jubatus, {{100, 0.04}}
Procyon_lotor, {{100, 0.44}}
Leptophoca_proxima, {{100, 0.68}}
Phocanella_pumila, {{100, 0.97}}
Dicerorhinus_sumatrensis, {{100, 0.79}}
Sus_scrofa, {{44, 0.22}, {56, 0.21}}
Maiacetus, {{100, 0.98}}
Rupicapra_rupicapra, {{2, 0.07}, {98, 0.08}}
Psephoderma, {{71, 0.9}, {29, 0.89}}
Pistosaurus, {{100, 0.95}}
Spinosaurus_.11, {{34, 0.47}, {25, 0.45}, {18, 0.46}, {21, 0.48}, {2, 0.44}}
Spinosaurus_.10, {{22, 0.5}, {1, 0.52}, {32, 0.51}, {21, 0.49}, {24, 0.48}}
Spinosaurus_.9, {{100, 0.96}}
Spinosaurus_.8, {{33, 0.95}, {67, 0.94}}
Spinosaurus_.7, {{72, 0.91}, {28, 0.9}}
Spinosaurus_.6, {{30, 0.85}, {50, 0.84}, {20, 0.83}}
Spinosaurus_.5, {{100, 0.98}}
Spinosaurus_.4, {{55, 0.95}, {45, 0.96}}
Spinosaurus_.3, {{64, 0.94}, {36, 0.93}}
Spinosaurus_.2, {{54, 0.9}, {46, 0.89}}
Spinosaurus_.1, {{17, 0.81}, {37, 0.82}, {46, 0.83}}
Spinosaurus_, {{100, 0.98}}
Baryonyx.3, {{9, 0.78}, {91, 0.79}}
Baryonyx.2, {{100, 0.9}}
Baryonyx.1, {{100, 0.96}}
Suchomimus.3, {{76, 0.33}, {10, 0.34}, {14, 0.32}}
Suchomimus.2, {{25, 0.52}, {75, 0.51}}
Suchomimus.1, {{1, 0.33}, {74, 0.32}, {25, 0.31}}
Suchomimus, {{86, 0.5}, {4, 0.51}, {10, 0.49}}
Baryonyx, {{100, 0.95}}
Caloenas_nicobarica, {{100, 0.02}}
Phalacrocorax_harrisi, {{97, 0.33}, {3, 0.34}}
Procavia_capensis, {{96, 0.53}, {4, 0.54}}
Noemys_fodies, {{99, 0.5}, {1, 0.51}}
Brachyodus_onoideum, {{100, 0.81}}
Paraplacodus, {{100, 1.0}}
Placondontia_indet, {{100, 1.0}}
Placodontia_indet_1, {{100, 0.98}}
Neusticosaurus, {{100, 1.0}}
Simosaurus_1, {{22, 0.79}, {78, 0.8}}
Nothosaurus_mirabilis_1, {{37, 0.84}, {63, 0.83}}
Dyrosaurid, {{98, 0.26}, {2, 0.27}}
Spinosaurus_.11, {{19, 0.47}, {16, 0.45}, {16, 0.46}, {20, 0.49}, {29, 0.48}}
Spinosaurus_.10, {{11, 0.53}, {1, 0.54}, {19, 0.5}, {26, 0.52}, {21, 0.51}, {22, 0.49}}
Spinosaurus_.9, {{57, 0.98}, {43, 0.97}}
Spinosaurus_.8, {{85, 0.96}, {15, 0.97}}
Spinosaurus_.7, {{51, 0.94}, {49, 0.93}}
Spinosaurus_.6, {{49, 0.88}, {51, 0.87}}
Spinosaurus_.5, {{100, 0.99}}
Spinosaurus_.4, {{100, 0.97}}
Spinosaurus_.3, {{19, 0.95}, {81, 0.96}}
Spinosaurus_.2, {{55, 0.92}, {45, 0.93}}
Spinosaurus_.1, {{35, 0.85}, {58, 0.86}, {7, 0.87}}
Spinosaurus_, {{100, 0.99}}
Baryonyx.3, {{73, 0.82}, {27, 0.83}}
Baryonyx.2, {{100, 0.93}}
Baryonyx.1, {{100, 0.97}}
Suchomimus.3, {{8, 0.33}, {76, 0.32}, {16, 0.31}}
Suchomimus.2, {{78, 0.53}, {22, 0.52}}
Suchomimus.1, {{43, 0.3}, {1, 0.32}, {55, 0.31}, {1, 0.29}}
Suchomimus, {{18, 0.52}, {2, 0.5}, {80, 0.51}}
Baryonyx, {{100, 0.97}}
Apteryx_australis, {{100, 0.15}}
large_eocene_stem_penguin, {{100, 0.99}}
Micropotamogale_euwenzorii, {{100, 0.87}}
Hydromys_chrysogaster, {{99, 0.49}, {1, 0.48}}
Vulpes_vulpes, {{32, 0.1}, {68, 0.11}}
Paguma_larvata, {{41, 0.37}, {59, 0.38}}
Choeropsis_liberiensis, {{2, 0.76}, {98, 0.75}}
Hexaprotodon_garyam, {{12, 0.67}, {88, 0.66}}
Ichtyosaur_sp, {{83, 0.81}, {17, 0.8}}
Ichtyosaurus_, {{64, 0.26}, {2, 0.27}, {34, 0.25}}
Nothosaurus_mirabilis, {{99, 0.92}, {1, 0.91}}
Protochampsidae, {{71, 0.2}, {9, 0.21}, {20, 0.19}}
Cricosaurus, {{100, 0.94}}
Spinosaurus_.11, {{15, 0.37}, {31, 0.38}, {23, 0.36}, {31, 0.39}}
Spinosaurus_.10, {{28, 0.4}, {18, 0.43}, {24, 0.42}, {26, 0.41}, {4, 0.39}}
Spinosaurus_.9, {{100, 0.96}}
Spinosaurus_.8, {{14, 0.95}, {86, 0.94}}
Spinosaurus_.7, {{73, 0.9}, {27, 0.89}}
Spinosaurus_.6, {{44, 0.81}, {28, 0.82}, {28, 0.8}}
Spinosaurus_.5, {{100, 0.98}}
Spinosaurus_.4, {{100, 0.96}}
Spinosaurus_.3, {{91, 0.94}, {9, 0.93}}
Spinosaurus_.2, {{7, 0.88}, {16, 0.9}, {77, 0.89}}
Spinosaurus_.1, {{30, 0.79}, {30, 0.81}, {40, 0.8}}
Spinosaurus_, {{100, 0.98}}
Baryonyx.3, {{50, 0.73}, {50, 0.72}}
Baryonyx.2, {{100, 0.88}}
Baryonyx.1, {{48, 0.95}, {52, 0.96}}
Suchomimus.3, {{44, 0.2}, {56, 0.21}}
Suchomimus.2, {{1, 0.4}, {36, 0.38}, {63, 0.39}}
Suchomimus.1, {{86, 0.2}, {13, 0.21}, {1, 0.19}}
Suchomimus, {{8, 0.37}, {86, 0.38}, {6, 0.39}}
Baryonyx, {{92, 0.95}, {8, 0.94}}
Tribonyx_mortieri, {{100, 0.09}}
Loxodonta_africana, {{100, 0.96}}
Mammuthus_sp, {{100, 0.9}}
Desmostylus_hesperus, {{100, 0.36}}
Mus_musculus, {{100, 0.05}}
Lutra_vulgaris, {{100, 0.89}}
Uncia_uncia, {{17, 0.45}, {83, 0.46}}
Syncerus_caffer, {{100, 0.78}}
Rangifer_tarandus, {{99, 0.09}, {1, 0.08}}
Anarosaurus, {{100, 0.99}}
Serpianosaurus, {{100, 1.0}}
Nothosaurus_568, {{100, 0.98}}
Caiman_yacare, {{100, 0.94}}
Spinosaurus_.11, {{14, 0.53}, {14, 0.5}, {31, 0.52}, {21, 0.51}, {19, 0.49}, {1, 0.48}}
Spinosaurus_.10, {{27, 0.53}, {18, 0.54}, {32, 0.56}, {3, 0.52}, {18, 0.55}, {2, 0.57}}
Spinosaurus_.9, {{100, 0.98}}
Spinosaurus_.8, {{9, 0.96}, {91, 0.97}}
Spinosaurus_.7, {{82, 0.94}, {18, 0.95}}
Spinosaurus_.6, {{3, 0.88}, {39, 0.9}, {58, 0.89}}
Spinosaurus_.5, {{100, 0.99}}
Spinosaurus_.4, {{100, 0.97}}
Spinosaurus_.3, {{100, 0.96}}
Spinosaurus_.2, {{9, 0.92}, {91, 0.93}}
Spinosaurus_.1, {{30, 0.88}, {22, 0.86}, {48, 0.87}}
Spinosaurus_, {{100, 0.99}}
Baryonyx.3, {{72, 0.85}, {28, 0.86}}
Baryonyx.2, {{100, 0.94}}
Baryonyx.1, {{100, 0.98}}
Suchomimus.3, {{14, 0.4}, {10, 0.38}, {76, 0.39}}
Suchomimus.2, {{64, 0.59}, {36, 0.6}}
Suchomimus.1, {{80, 0.37}, {10, 0.38}, {10, 0.36}}
Suchomimus, {{28, 0.58}, {72, 0.57}}
Baryonyx, {{100, 0.97}}
Microgale_thomasi, {{1, 0.2}, {99, 0.21}}
Castor_fiber, {{100, 0.72}}
Meles_meles, {{99, 0.38}, {1, 0.39}}
Taxidea_taxus, {{100, 0.54}}
Callophoca_obscura, {{100, 0.67}}
Nanophoca_vitulinoides, {{100, 0.96}}
Dama_dama, {{100, 0.25}}
Megaloceros_sp, {{99, 0.2}, {1, 0.21}}
Nothosaurus_102, {{100, 0.99}}
Nothosaurus_150, {{100, 0.99}}
Spinosaurus_.11, {{37, 0.47}, {25, 0.45}, {20, 0.46}, {15, 0.48}, {3, 0.44}}
Spinosaurus_.10, {{1, 0.47}, {27, 0.5}, {17, 0.51}, {31, 0.48}, {24, 0.49}}
Spinosaurus_.9, {{47, 0.94}, {53, 0.95}}
Spinosaurus_.8, {{54, 0.92}, {46, 0.93}}
Spinosaurus_.7, {{53, 0.88}, {46, 0.89}, {1, 0.87}}
Spinosaurus_.6, {{47, 0.81}, {28, 0.82}, {25, 0.8}}
Spinosaurus_.5, {{100, 0.97}}
Spinosaurus_.4, {{100, 0.94}}
Spinosaurus_.3, {{79, 0.92}, {21, 0.91}}
Spinosaurus_.2, {{37, 0.88}, {2, 0.86}, {61, 0.87}}
Spinosaurus_.1, {{1, 0.78}, {41, 0.79}, {3, 0.81}, {55, 0.8}}
Spinosaurus_, {{100, 0.97}}
Baryonyx.3, {{6, 0.76}, {94, 0.75}}
Baryonyx.2, {{100, 0.87}}
Baryonyx.1, {{100, 0.94}}
Suchomimus.3, {{47, 0.33}, {53, 0.32}}
Suchomimus.2, {{10, 0.5}, {90, 0.49}}
Suchomimus.1, {{1, 0.33}, {71, 0.32}, {28, 0.31}}
Suchomimus, {{79, 0.48}, {21, 0.49}}
Baryonyx, {{100, 0.93}}
Apteryx_owenii_, {{100, 0.11}}
Aptenodytes______, {{45, 0.88}, {55, 0.89}}
Dasyurus_maculatus, {{64, 0.66}, {36, 0.65}}
Tenrec_ecaudatus, {{90, 0.79}, {10, 0.8}}
Nyctereutes_procyonoides, {{100, 0.36}}
Remingtonocetus, {{100, 0.79}}
Elomeryx_borbonicus_, {{7, 0.3}, {93, 0.29}}
Bos_taurus, {{100, 0.62}}
Rhaeticosaurus, {{100, 0.99}}
Cryptoclidus, {{100, 0.99}}
Alligator, {{100, 0.9}}
Spinosaurus_.11, {{23, 0.47}, {11, 0.45}, {21, 0.46}, {8, 0.49}, {37, 0.48}}
Spinosaurus_.10, {{1, 0.53}, {22, 0.5}, {18, 0.52}, {30, 0.51}, {28, 0.49}, {1, 0.48}}
Spinosaurus_.9, {{100, 0.96}}
Spinosaurus_.8, {{32, 0.95}, {68, 0.94}}
Spinosaurus_.7, {{70, 0.91}, {30, 0.9}}
Spinosaurus_.6, {{22, 0.85}, {47, 0.84}, {31, 0.83}}
Spinosaurus_.5, {{100, 0.98}}
Spinosaurus_.4, {{27, 0.95}, {73, 0.96}}
Spinosaurus_.3, {{85, 0.94}, {15, 0.93}}
Spinosaurus_.2, {{74, 0.9}, {26, 0.89}}
Spinosaurus_.1, {{1, 0.81}, {42, 0.82}, {57, 0.83}}
Spinosaurus_, {{100, 0.98}}
Baryonyx.3, {{100, 0.78}}
Baryonyx.2, {{89, 0.9}, {11, 0.89}}
Baryonyx.1, {{5, 0.95}, {95, 0.96}}
Suchomimus.3, {{4, 0.33}, {72, 0.32}, {24, 0.31}}
Suchomimus.2, {{87, 0.5}, {13, 0.51}}
Suchomimus.1, {{15, 0.3}, {4, 0.32}, {81, 0.31}}
Suchomimus, {{10, 0.5}, {89, 0.49}, {1, 0.48}}
Baryonyx, {{100, 0.95}}
Hesperornis, {{62, 0.68}, {38, 0.69}}
Atlantisia_rogersi, {{96, 0.07}, {4, 0.06}}
Small_Eocene_penguin, {{100, 0.96}}
Ornithorhynchus_anatinus, {{95, 0.88}, {5, 0.89}}
Rattus_rattus, {{13, 0.2}, {87, 0.21}}
Euroscaptor_micrura, {{100, 0.44}}
Felis_felis, {{100, 0.18}}
Ceratotherium_simum, {{100, 0.86}}
Basilosaurus, {{100, 0.95}}
Nothosaurus_giganteus, {{53, 0.56}, {47, 0.57}}
Lacerta_viridis, {{98, 0.38}, {2, 0.39}}
Spinosaurus_.11, {{20, 0.43}, {38, 0.45}, {25, 0.46}, {17, 0.44}}
Spinosaurus_.10, {{27, 0.47}, {1, 0.5}, {18, 0.46}, {26, 0.48}, {28, 0.49}}
Spinosaurus_.9, {{70, 0.95}, {30, 0.94}}
Spinosaurus_.8, {{38, 0.92}, {62, 0.93}}
Spinosaurus_.7, {{52, 0.88}, {48, 0.89}}
Spinosaurus_.6, {{50, 0.81}, {13, 0.82}, {37, 0.8}}
Spinosaurus_.5, {{100, 0.97}}
Spinosaurus_.4, {{99, 0.94}, {1, 0.95}}
Spinosaurus_.3, {{97, 0.92}, {3, 0.91}}
Spinosaurus_.2, {{41, 0.88}, {59, 0.87}}
Spinosaurus_.1, {{9, 0.78}, {40, 0.79}, {51, 0.8}}
Spinosaurus_, {{100, 0.97}}
Baryonyx.3, {{76, 0.74}, {24, 0.75}}
Baryonyx.2, {{100, 0.87}}
Baryonyx.1, {{100, 0.94}}
Suchomimus.3, {{74, 0.3}, {25, 0.31}, {1, 0.29}}
Suchomimus.2, {{84, 0.47}, {16, 0.48}}
Suchomimus.1, {{54, 0.3}, {46, 0.29}}
Suchomimus, {{21, 0.47}, {79, 0.46}}
Baryonyx, {{100, 0.93}}
Raphus, {{14, 0.24}, {86, 0.23}}
Porphyrio_hochstetteri, {{96, 0.12}, {4, 0.11}}
Xenicus_giliventris, {{100, 0.02}}
Spheniscus, {{100, 0.88}}
Monodelphis_domestica, {{100, 0.69}}
Desmana_moschata, {{74, 0.9}, {26, 0.89}}
Otaria_byronia, {{100, 0.84}}
Rhinoceros_sondaicus, {{40, 0.69}, {60, 0.7}}
Indohyus, {{100, 0.89}}
Hippopotamus_amphibius, {{100, 0.87}}
Bison_bonasus, {{1, 0.28}, {99, 0.27}}
Champsosaurus, {{100, 0.95}}
Sphenodon_punctatus, {{100, 0.68}}
Metryorhynchus, {{100, 0.88}}
Spinosaurus_.11, {{24, 0.47}, {14, 0.45}, {19, 0.46}, {7, 0.49}, {36, 0.48}}
Spinosaurus_.10, {{24, 0.5}, {9, 0.52}, {30, 0.51}, {27, 0.49}, {10, 0.48}}
Spinosaurus_.9, {{95, 0.95}, {5, 0.94}}
Spinosaurus_.8, {{3, 0.92}, {97, 0.93}}
Spinosaurus_.7, {{24, 0.88}, {3, 0.9}, {73, 0.89}}
Spinosaurus_.6, {{33, 0.81}, {44, 0.82}, {23, 0.83}}
Spinosaurus_.5, {{1, 0.98}, {99, 0.97}}
Spinosaurus_.4, {{88, 0.94}, {12, 0.95}}
Spinosaurus_.3, {{85, 0.92}, {15, 0.93}}
Spinosaurus_.2, {{72, 0.88}, {1, 0.89}, {27, 0.87}}
Spinosaurus_.1, {{10, 0.79}, {51, 0.81}, {39, 0.8}}
Spinosaurus_, {{100, 0.97}}
Baryonyx.3, {{85, 0.76}, {15, 0.77}}
Baryonyx.2, {{100, 0.88}}
Baryonyx.1, {{97, 0.94}, {3, 0.95}}
Suchomimus.3, {{47, 0.34}, {53, 0.33}}
Suchomimus.2, {{66, 0.5}, {34, 0.51}}
Suchomimus.1, {{58, 0.33}, {1, 0.34}, {41, 0.32}}
Suchomimus, {{33, 0.5}, {67, 0.49}}
Baryonyx, {{41, 0.94}, {59, 0.93}}
Strigiops_habroptilus, {{5, 0.07}, {95, 0.06}}
Chironectes_minimus, {{100, 0.84}}
Rhynchocyon_petersi, {{100, 0.1}}
Myrmecophaga_tridactyla, {{87, 0.73}, {13, 0.74}}
Diplomesodon_pulchellum, {{1, 0.61}, {99, 0.6}}
Tapirus_terrestris, {{92, 0.56}, {8, 0.57}}
Lama_guanicoe, {{100, 0.11}}
Rodhocetus, {{100, 0.93}}
Okapia_johnstoni, {{100, 0.44}}
Cephalophus_silvicultor, {{100, 0.45}}
Capreolus_capreolus, {{100, 0.12}}
Spinosaurus_.11, {{19, 0.43}, {25, 0.45}, {39, 0.46}, {17, 0.44}}
Spinosaurus_.10, {{23, 0.47}, {1, 0.5}, {21, 0.46}, {24, 0.48}, {31, 0.49}}
Spinosaurus_.9, {{92, 0.94}, {8, 0.95}}
Spinosaurus_.8, {{89, 0.92}, {11, 0.93}}
Spinosaurus_.7, {{70, 0.88}, {3, 0.89}, {27, 0.87}}
Spinosaurus_.6, {{11, 0.79}, {41, 0.81}, {48, 0.8}}
Spinosaurus_.5, {{100, 0.97}}
Spinosaurus_.4, {{73, 0.94}, {27, 0.93}}
Spinosaurus_.3, {{47, 0.92}, {53, 0.91}}
Spinosaurus_.2, {{35, 0.86}, {65, 0.87}}
Spinosaurus_.1, {{38, 0.78}, {54, 0.79}, {1, 0.77}, {7, 0.8}}
Spinosaurus_, {{7, 0.96}, {93, 0.97}}
Baryonyx.3, {{82, 0.74}, {18, 0.75}}
Baryonyx.2, {{19, 0.86}, {81, 0.87}}
Baryonyx.1, {{100, 0.94}}
Suchomimus.3, {{48, 0.32}, {52, 0.31}}
Suchomimus.2, {{3, 0.47}, {89, 0.48}, {8, 0.49}}
Suchomimus.1, {{34, 0.3}, {1, 0.32}, {65, 0.31}}
Suchomimus, {{87, 0.47}, {5, 0.46}, {8, 0.48}}
Baryonyx, {{100, 0.93}}
Palaeospheniscus, {{96, 0.76}, {4, 0.75}}
